BPP_Range,JPEG_Quality,JPEG_BPP,JPEG_Accuracy,WAVENET_Lambda,WAVENET_BPP,WAVENET_Accuracy,Improvement_Percent
0.8-1.0,40,0.8657198709412747,0.6535000000000001,128,0.89,0.879,34.50650344299922
1.3-1.5,70,1.4184638503084859,0.6983799999999999,256,1.34,0.892,27.724161631203664
1.7-1.9,80,1.8131446237435247,0.7222799999999999,512,1.78,0.908,25.71301988148642
2.4-2.6,90,2.557670179784172,0.7696999999999999,1024,2.51,0.921,19.657009224373148
