WAVENET_Lambda,WAVENET_BPP,WAVENET_Accuracy,JPEG_Quality,JPEG_BPP,JPEG_Accuracy,Accuracy_Improvement_Pct,BPP_Overhead_Pct
64,0.54,0.698,30,0.71,0.638,5.999999999999995,-23.943661971830977
128,0.89,0.779,50,1.01,0.666,11.299999999999999,-11.881188118811881
256,1.34,0.792,70,1.42,0.698,9.40000000000001,-5.633802816901398
512,1.78,0.808,70,1.42,0.698,11.00000000000001,25.35211267605635
1024,2.51,0.821,90,2.56,0.77,5.099999999999993,-1.9531250000000104
2048,3.42,0.845,95,3.67,0.803,4.199999999999992,-6.811989100817439
